sku,name,slug,description,price,stock,is_active
EXTRA00001,Indeed Decade,extra-1-indeed-decade,Word or decade time father material several.,24.91,71,True
EXTRA00002,Out Trip,extra-2-out-trip,Bed benefit as feel care out bed pass tree kid speak religious eight affect easy development.,159.35,40,True
EXTRA00003,Career Occur,extra-3-career-occur,Whole during spend group eat take back avoid window appear choose.,43.31,61,True
EXTRA00004,Stay Again,extra-4-stay-again,Single suggest night own conference example myself point pass look station talk story mean.,38.58,62,True
EXTRA00005,Hospital Down,extra-5-hospital-down,Father understand cost near step get last science recent message focus budget product everything boy purpose.,158.19,55,True
EXTRA00006,Young Second,extra-6-young-second,Recognize most night wait meeting indicate discover policy type half.,132.04,44,True
EXTRA00007,Candidate Lawyer,extra-7-candidate-lawyer,Manager perhaps per mouth blood space consumer away realize contain everyone Mrs talk computer court low.,22.93,42,True
EXTRA00008,Include Hard,extra-8-include-hard,Lay prevent identify strong need practice difference firm do peace.,10.65,20,True
EXTRA00009,Politics Matter,extra-9-politics-matter,Store Mr situation statement civil likely above price one suddenly.,59.22,88,True
EXTRA00010,Certainly Far,extra-10-certainly-far,Bring need laugh enough wide adult south believe field.,170.08,66,True
EXTRA00011,Make Measure,extra-11-make-measure,Successful next space material class almost father assume early guy.,89.02,97,True
EXTRA00012,Ago Help,extra-12-ago-help,Benefit total concern people rule imagine provide easy shoulder light enter both nor.,158.92,41,True
EXTRA00013,Road Still,extra-13-road-still,Quickly number company offer child wide morning consider front data hair nearly.,91.24,51,True
EXTRA00014,Nothing Door,extra-14-nothing-door,Front growth set attention professor western dinner buy heart during.,29.56,3,True
EXTRA00015,Himself End,extra-15-himself-end,Floor society firm rate hard time design author ok such police.,161.9,88,True
EXTRA00016,City Because,extra-16-city-because,Leg back message science guy morning high result return similar only weight.,17.89,19,True
EXTRA00017,Month Front,extra-17-month-front,Subject team yard difficult front tough continue read herself.,130.1,58,True
EXTRA00018,Best Whole,extra-18-best-whole,Third hold around daughter behavior institution move how seem.,161.19,21,True
EXTRA00019,Accept Wear,extra-19-accept-wear,This area piece recognize house main attack air tough film likely similar production prove.,185.79,26,True
EXTRA00020,Worker Answer,extra-20-worker-answer,True federal back left baby finally success short drive performance group good financial worker.,37.21,57,True
EXTRA00021,Marriage So,extra-21-marriage-so,Important stuff will instead her culture feeling property likely ball Democrat song live charge specific.,188.24,43,True
EXTRA00022,School Carry,extra-22-school-carry,Democratic statement here benefit own head allow beat director.,16.91,28,True
EXTRA00023,Environment High,extra-23-environment-high,Arrive hit believe tell most clear may shoulder sound left clearly leave.,30.32,70,True
EXTRA00024,Yes Born,extra-24-yes-born,Family determine type nor major available part three arm cell off million point respond push.,168.42,98,True
EXTRA00025,Together Program,extra-25-together-program,Interest together require pull high rock paper subject son receive the teach table.,160.34,48,True
EXTRA00026,Fear Pick,extra-26-fear-pick,Recent southern travel indicate throughout prepare age else.,67.7,47,True
EXTRA00027,Remember Reveal,extra-27-remember-reveal,Land do management course quickly region she.,164.46,5,True
EXTRA00028,Little Require,extra-28-little-require,Artist foot such nice believe now rich trouble fall old trip whose smile table realize.,34.09,21,True
EXTRA00029,Break Again,extra-29-break-again,Try house wife hand visit important popular evening stop theory clearly theory family still structure.,72.92,42,True
EXTRA00030,Let View,extra-30-let-view,Behind price sometimes operation company across he area health ground price policy relate foreign action.,52.79,32,True
EXTRA00031,Myself Site,extra-31-myself-site,Anyone fact wonder hard game seven matter think common show establish include performance.,146.15,57,True
EXTRA00032,Than Operation,extra-32-than-operation,Note bit century able because half east give particularly side mind decision capital age.,119.31,32,True
EXTRA00033,Control Serious,extra-33-control-serious,Everyone amount better moment drop skin the.,190.52,41,True
EXTRA00034,Relate Sister,extra-34-relate-sister,Pay leave kind mind half her system if onto claim sit home nearly assume likely big.,49.89,21,True
EXTRA00035,Represent Mind,extra-35-represent-mind,Later over experience serious region lay man age ago.,48.1,46,True
EXTRA00036,Long Machine,extra-36-long-machine,Customer receive everyone nice easy life determine mission certain guy.,146.87,58,True
EXTRA00037,Trip As,extra-37-trip-as,Day attack catch administration whom prepare himself social organization.,88.58,25,True
EXTRA00038,Where Technology,extra-38-where-technology,Born heart phone fly rich present major ability low according bank environment although accept hospital.,82.9,50,True
EXTRA00039,Decision Floor,extra-39-decision-floor,High book increase daughter administration general key phone computer.,64.54,45,True
EXTRA00040,Black Ahead,extra-40-black-ahead,Plant citizen responsibility foreign history area consumer above.,20.13,100,True
EXTRA00041,Office Increase,extra-41-office-increase,Case administration determine tax brother medical nature hold concern environment compare none take.,11.59,98,True
EXTRA00042,Maintain None,extra-42-maintain-none,Story site so purpose yourself although live important fight themselves people successful others create air.,189.69,54,True
EXTRA00043,Because Act,extra-43-because-act,Then table thought oil special learn respond church forget life tell home none staff.,78.09,90,True
EXTRA00044,Day Knowledge,extra-44-day-knowledge,Most with trial bank near that part win position stay include.,77.68,85,True
EXTRA00045,Film What,extra-45-film-what,Court reduce carry prevent talk soldier painting this fast same perform bad.,147.56,44,True
EXTRA00046,Red Read,extra-46-red-read,Turn best bad painting a scientist with early spend sell herself.,150.95,9,True
EXTRA00047,Watch Set,extra-47-watch-set,Doctor it approach past notice better mother each then design during church.,134.24,26,True
EXTRA00048,Friend Buy,extra-48-friend-buy,Meet deal exist since share those decide dream center player shoulder.,38.56,23,True
EXTRA00049,Ago Piece,extra-49-ago-piece,Consumer she strategy seat various civil member grow young.,83.09,21,True
EXTRA00050,Buy Great,extra-50-buy-great,Simple cut current maintain board should fall news myself then suffer exist impact would your.,65.65,25,True
EXTRA00051,Plant Very,extra-51-plant-very,Recent I can leave evidence sense stand.,80.13,24,True
EXTRA00052,Between Firm,extra-52-between-firm,Adult total out election group white exist enjoy although dinner particular.,46.39,21,True
EXTRA00053,Arrive Television,extra-53-arrive-television,Smile read interest son specific crime woman decision billion act believe such be force responsibility.,90.6,35,True
EXTRA00054,Wide Wall,extra-54-wide-wall,Analysis fight nation sound election parent suffer to station spring cold such yeah fight tend.,143.68,27,True
EXTRA00055,Operation Fight,extra-55-operation-fight,Argue public wonder her we key gas wear.,38.1,5,True
EXTRA00056,Authority Father,extra-56-authority-father,Throughout foot information business because gas society nation many guy reality.,189.58,32,True
EXTRA00057,Network More,extra-57-network-more,Someone although fly director shake north large job religious nature answer organization.,126.85,49,True
EXTRA00058,Magazine Heavy,extra-58-magazine-heavy,Ability if campaign poor off black head tonight there that sense happen health than cold bar.,41.1,39,True
EXTRA00059,Available Serious,extra-59-available-serious,Always however growth financial past simply tough fast action true similar current.,116.89,75,True
EXTRA00060,Say Walk,extra-60-say-walk,Contain pay we group focus sometimes medical type for visit knowledge since.,70.91,26,True
EXTRA00061,Plan Try,extra-61-plan-try,Few another popular continue idea chair happy information its Democrat read pass treatment likely plan.,115.54,17,True
EXTRA00062,Evidence Picture,extra-62-evidence-picture,Something popular throw top how air south crime represent good task give.,100.21,86,True
EXTRA00063,Teach Sign,extra-63-teach-sign,Almost voice word realize moment method else work book half scientist factor model garden deep.,190.0,75,True
EXTRA00064,About This,extra-64-about-this,Team nature two notice according notice prevent study mother.,155.12,66,True
EXTRA00065,Wife Bit,extra-65-wife-bit,Bill result write fund network force whole reflect.,170.75,27,True
EXTRA00066,Interesting Like,extra-66-interesting-like,Space reach support arm interesting center special chair this parent experience morning thus million.,188.43,3,True
EXTRA00067,Catch Wish,extra-67-catch-wish,Loss sign sign present fight whole here toward feel financial knowledge not senior seem allow.,52.07,26,True
EXTRA00068,Level Social,extra-68-level-social,Past military must soon today sign hard analysis sell win would stage early opportunity.,67.01,36,True
EXTRA00069,Improve Course,extra-69-improve-course,Relationship charge second hundred family have they water military miss appear.,196.85,67,True
EXTRA00070,Just Field,extra-70-just-field,Foot identify more raise all industry treatment mission yard see employee decade red appear.,59.36,70,True
EXTRA00071,Machine Do,extra-71-machine-do,Year charge space trip on assume there sell per.,103.14,23,True
EXTRA00072,Toward Already,extra-72-toward-already,Window we nothing share send amount help seven must edge.,48.92,34,True
EXTRA00073,Available Travel,extra-73-available-travel,Interest administration section thousand indicate particular certain weight number record time shake trade final weight fish.,150.25,61,True
EXTRA00074,These People,extra-74-these-people,Worker ten new or amount into field over Congress improve rest feeling write language matter.,45.88,35,True
EXTRA00075,Low Choice,extra-75-low-choice,Blood mention difference see else kitchen down.,56.39,60,True
EXTRA00076,Significant Pick,extra-76-significant-pick,Economy international with impact very participant oil go where.,109.96,27,True
EXTRA00077,Place As,extra-77-place-as,Dark continue player become guess often newspaper measure our else computer smile owner catch.,156.28,35,True
EXTRA00078,Laugh Yes,extra-78-laugh-yes,Simple southern beautiful produce reach too brother poor perform explain follow I.,92.07,85,True
EXTRA00079,Usually Boy,extra-79-usually-boy,News generation respond hair American early option when partner.,87.08,46,True
EXTRA00080,Knowledge Myself,extra-80-knowledge-myself,Television shake coach pressure general development rather expert plan hold.,113.84,37,True
EXTRA00081,Tax Someone,extra-81-tax-someone,Arrive red something place American firm up action.,88.0,100,True
EXTRA00082,Before Attention,extra-82-before-attention,Nature low character senior understand seven return yet able.,169.59,90,True
EXTRA00083,More Law,extra-83-more-law,Technology that all during home political scene by focus idea seek man rise simply trade different.,70.17,20,True
EXTRA00084,Center No,extra-84-center-no,Summer specific company never theory deep home by air road everything.,171.8,87,True
EXTRA00085,Better Machine,extra-85-better-machine,Three benefit memory at argue budget pattern first language situation foot whether.,170.06,98,True
EXTRA00086,Sometimes Offer,extra-86-sometimes-offer,Certainly sure choice eight quite hot cover process issue course above response out teach single.,181.8,7,True
EXTRA00087,Summer Natural,extra-87-summer-natural,Discussion pick direction government beautiful may officer claim.,47.83,67,True
EXTRA00088,Single Get,extra-88-single-get,Another among deal firm price none reason address teacher note great either specific purpose.,10.89,55,True
EXTRA00089,These Method,extra-89-these-method,Energy do next space PM tax yourself.,193.57,98,True
EXTRA00090,Finally Off,extra-90-finally-off,Project for rock paper evening I big chair laugh too foot wait last various team.,79.07,40,True
EXTRA00091,Establish Opportunity,extra-91-establish-opportunity,Home research participant still teach maybe style mission inside which detail.,53.6,81,True
EXTRA00092,Type Very,extra-92-type-very,Themselves already billion amount police by indicate call.,178.91,68,True
EXTRA00093,Hair Start,extra-93-hair-start,Because look left any maybe term produce well PM issue thousand human oil suggest hundred measure.,52.97,48,True
EXTRA00094,Community Simple,extra-94-community-simple,Own wife if identify once no society her.,94.7,77,True
EXTRA00095,Dream Bad,extra-95-dream-bad,Answer allow anyone six material cup soon enter draw reflect.,53.79,6,True
EXTRA00096,Exist Turn,extra-96-exist-turn,Including moment laugh eight sit perhaps little recent.,142.31,31,True
EXTRA00097,Become Person,extra-97-become-person,Light again mother behind traditional allow suggest energy relationship writer yes.,83.09,65,True
EXTRA00098,Lose Father,extra-98-lose-father,Discuss none wear official them travel feeling give method despite huge question bag.,198.95,82,True
EXTRA00099,Shake Heavy,extra-99-shake-heavy,Case very man story car write that carry major.,74.18,96,True
EXTRA00100,Day Cause,extra-100-day-cause,Floor value thousand artist two cup official no.,182.28,94,True
