id,sku,name,slug,description,price,stock,is_active
1,SKU00001,Across Entire,across-entire-1,Market professional left social agree language heavy sister bank such society particular others material.,430.85,95,True
2,SKU00002,Character Artist,character-artist-2,Happen walk brother who include account professor remember service either up new.,486.56,122,True
3,SKU00003,General Security,general-security-3,Available father month seven write officer same coach military.,210.72,165,True
4,SKU00004,You Have,you-have-4,Within economic phone score and understand surface what study example west image board.,248.57,137,True
5,SKU00005,Blood Thousand,blood-thousand-5,Professor western happy board eye course your country box season size.,333.58,26,True
6,SKU00006,Treat Them,treat-them-6,Official across PM skill near budget sound discover send catch.,347.08,91,True
7,SKU00007,Trip Give,trip-give-7,Personal month across relate moment body order.,449.76,75,True
8,SKU00008,Hour Story,hour-story-8,Court form where sport difference relationship history crime under letter opportunity now drug majority.,145.81,73,True
9,SKU00009,Nation Land,nation-land-9,Assume line authority eye newspaper case price ground wife single choose house recognize.,367.62,126,True
10,SKU00010,Store Edge,store-edge-10,Street study author as still before rate news easy bring forward.,263.74,189,True
11,SKU00011,Range Food,range-food-11,Sign mouth fall management table when foot traditional develop.,372.77,27,True
12,SKU00012,Business Something,business-something-12,Oil knowledge himself baby minute generation else article design recently cell her help fire sense hard.,270.02,178,True
13,SKU00013,Form Cell,form-cell-13,Shake mother agreement painting beyond away entire although even.,332.82,126,True
14,SKU00014,Him Into,him-into-14,Long administration book fly others adult enter phone respond reason scene.,13.38,200,True
15,SKU00015,Number Often,number-often-15,Onto cold music floor sound produce raise something itself product stock.,179.0,163,True
16,SKU00016,Foreign Road,foreign-road-16,Fund bring first stop nice evidence identify.,280.11,27,True
17,SKU00017,Develop Actually,develop-actually-17,Three south either science many large daughter.,296.23,153,True
18,SKU00018,Same Far,same-far-18,Nature century within nice record when left almost force can white.,393.2,133,True
19,SKU00019,Deal All,deal-all-19,Every sound require catch easy top rich peace anyone shake happy avoid throw participant dinner.,344.22,115,True
20,SKU00020,Alone President,alone-president-20,Despite theory early possible rich adult result popular eye stock know nothing write successful.,210.84,137,True
21,SKU00021,Thought Near,thought-near-21,Top perhaps per share sometimes part floor rule financial remember.,319.47,142,True
22,SKU00022,Practice Company,practice-company-22,Material among right government music and together sort the animal whole way huge.,159.79,142,True
23,SKU00023,Prepare Only,prepare-only-23,Stand about why character red popular effort hold response imagine foreign whole.,425.49,66,True
24,SKU00024,Next Base,next-base-24,After political few light know whom state cell hold hold bag drug.,54.52,148,True
25,SKU00025,Hot Lose,hot-lose-25,Who brother network wear law area cover between citizen tonight whom century wind.,115.6,29,True
26,SKU00026,Religious Us,religious-us-26,Call follow professor sense second wife speak return tend.,194.45,32,True
27,SKU00027,Institution Development,institution-development-27,Measure school forget today with popular listen these investment recognize official property nor century.,269.26,73,True
28,SKU00028,Those Letter,those-letter-28,The specific own provide our condition energy out car career measure.,443.38,113,True
29,SKU00029,Risk Time,risk-time-29,Market structure unit apply Mrs direction suddenly Congress health.,33.19,116,True
30,SKU00030,Not Best,not-best-30,Trip professor television apply get wind check one attention by first power.,307.38,49,True
31,SKU00031,Drop Candidate,drop-candidate-31,Game benefit herself whom management theory room dark discussion citizen toward career foot.,163.19,160,True
32,SKU00032,There Both,there-both-32,Learn participant brother argue opportunity stop somebody perform camera.,118.04,90,True
33,SKU00033,Season Dark,season-dark-33,Police remain other marriage purpose nation drive identify.,498.2,21,True
34,SKU00034,Sound Dinner,sound-dinner-34,Ball indeed thus management who budget law measure space character phone.,133.91,27,True
35,SKU00035,Plan Stock,plan-stock-35,Fill simply environment power lead require stuff.,223.04,63,True
36,SKU00036,Security Beautiful,security-beautiful-36,How behavior wife baby will agree but deal direction one sure improve.,33.0,165,True
37,SKU00037,Grow First,grow-first-37,Someone run approach game serious identify human onto hair federal the imagine.,138.47,175,True
38,SKU00038,Poor Inside,poor-inside-38,Yes baby others staff without future possible heavy site writer recent newspaper generation culture term.,43.87,122,True
39,SKU00039,Wear Expert,wear-expert-39,Store exist human line clearly knowledge Republican five.,148.61,164,True
40,SKU00040,Thank Suddenly,thank-suddenly-40,Final need hit despite fact answer television show great message white score image once any around.,410.73,32,True
41,SKU00041,Peace Return,peace-return-41,Explain especially raise whether short make reveal include culture return such suggest pick need.,118.44,143,True
42,SKU00042,Scene Travel,scene-travel-42,Age player eye teach again follow level us herself free political your accept old center.,295.57,36,True
43,SKU00043,Well Matter,well-matter-43,Our population near provide every painting fire evening couple skin trade face two.,147.95,73,True
44,SKU00044,Lawyer Vote,lawyer-vote-44,True draw late wonder add attorney item environment different goal hit hold.,261.7,83,True
45,SKU00045,Last Exactly,last-exactly-45,Myself his finish recognize region much remain.,227.81,47,True
46,SKU00046,Heavy Skin,heavy-skin-46,Report sea term student road allow affect price national perform others ability else pass mind theory.,183.87,16,True
47,SKU00047,Recognize Find,recognize-find-47,Magazine free next film speech heart meeting tonight.,340.67,194,True
48,SKU00048,Outside Magazine,outside-magazine-48,Per along break time allow series staff boy.,339.88,188,True
49,SKU00049,Easy Hundred,easy-hundred-49,Animal bad article like third worker body crime dinner simple.,200.72,141,True
50,SKU00050,Identify Oil,identify-oil-50,Whether season agree year spend walk material role week successful rather analysis kitchen.,294.27,182,True
51,SKU00051,Able Finish,able-finish-51,Section decide wide south culture teacher particular name reach tough environment building between morning chair walk.,233.74,141,True
52,SKU00052,Baby Especially,baby-especially-52,High rock we writer well exist give.,359.93,178,True
53,SKU00053,Determine Police,determine-police-53,Policy close if yeah how this region pattern not case.,434.45,122,True
54,SKU00054,Street Together,street-together-54,Seat never shoulder light center outside factor word spend stock fund suddenly seem explain find.,312.9,193,True
55,SKU00055,Mrs Explain,mrs-explain-55,Beyond order enjoy radio quite science reflect star one measure.,12.43,89,True
56,SKU00056,Two Season,two-season-56,Country seat determine draw whom remember feel set.,240.28,98,True
57,SKU00057,Tell Little,tell-little-57,She that either rule success on head draw establish fund hospital religious vote today consumer.,211.62,191,True
58,SKU00058,Billion Behind,billion-behind-58,Nothing least quite side rate blue security.,306.81,199,True
59,SKU00059,Until Any,until-any-59,Hand star wide lose structure shoulder beyond operation that.,481.61,155,True
60,SKU00060,Off Environment,off-environment-60,Stuff stop hair audience despite choose seek employee him only one behind hear piece mind.,290.47,156,True
61,SKU00061,Poor Whether,poor-whether-61,Natural film reflect this off food knowledge mouth.,163.64,107,True
62,SKU00062,Position Sister,position-sister-62,Congress benefit grow performance also billion must popular strong matter course they seek garden successful.,226.52,14,True
63,SKU00063,Republican Care,republican-care-63,Through plant really ability letter design expert example since worker in always impact.,361.64,142,True
64,SKU00064,Mr Decision,mr-decision-64,Sing magazine reflect reason risk perhaps tax high party five from morning push table firm.,279.1,45,True
65,SKU00065,Film Forget,film-forget-65,Might hour early they board me might member woman little catch happy.,143.51,128,True
66,SKU00066,Value War,value-war-66,Attorney site operation participant couple standard station get ago.,202.84,154,True
67,SKU00067,Glass Real,glass-real-67,Study everything occur office occur language speak still process raise song Democrat sound.,258.6,172,True
68,SKU00068,Southern Word,southern-word-68,Weight team degree wait include maintain true staff indicate.,174.58,90,True
69,SKU00069,Eat Wear,eat-wear-69,Art treat drive particularly about Republican trial six drive team movement seven surface large.,267.13,72,True
70,SKU00070,Difficult Water,difficult-water-70,Wind style community night deal house want explain million understand financial article.,169.86,12,True
71,SKU00071,Scientist Us,scientist-us-71,Mention rest various begin occur worry news case theory.,463.31,132,True
72,SKU00072,Share To,share-to-72,Technology material list individual within tax product type finish million.,42.99,115,True
73,SKU00073,Return Book,return-book-73,News change dark your whatever husband maintain.,340.11,22,True
74,SKU00074,Sign Trial,sign-trial-74,Hot occur decide fear class fire study machine political single garden address treatment group middle wish.,146.7,170,True
75,SKU00075,Long Guy,long-guy-75,This child hot go region own television suffer should hold.,222.64,123,True
76,SKU00076,Always Special,always-special-76,Question strategy truth dark expect sort program pay guess.,422.85,178,True
77,SKU00077,Learn Like,learn-like-77,Set happy job rock quality mission night stop position smile.,423.78,6,True
78,SKU00078,Detail Tough,detail-tough-78,Pay citizen focus arm continue decide military perhaps ready huge front with a.,403.07,2,True
79,SKU00079,Behind Already,behind-already-79,Outside success fish write least audience carry appear character shoulder painting former eye idea.,485.75,30,True
80,SKU00080,Two Wish,two-wish-80,Painting work notice product hope nothing apply store research Congress lawyer moment sign.,11.36,16,True
81,SKU00081,Avoid Area,avoid-area-81,Election raise quite top now throughout star wide goal theory.,263.64,145,True
82,SKU00082,Half Policy,half-policy-82,Share fill behind senior others represent onto serious whether.,496.7,137,True
83,SKU00083,Identify Interview,identify-interview-83,Recognize director main foot away report source people official defense bank cost cause.,39.93,77,True
84,SKU00084,Run Fact,run-fact-84,Husband ok seem create television space participant and can.,362.3,120,True
85,SKU00085,Message Morning,message-morning-85,Different reality south fund production management letter weight tonight specific deep inside.,481.09,90,True
86,SKU00086,In As,in-as-86,Take they others quality keep trial to detail its sea before treatment ask.,67.83,181,True
87,SKU00087,Woman Skill,woman-skill-87,All happy modern care clear before include.,294.71,105,True
88,SKU00088,Part Subject,part-subject-88,Explain away may note cost news carry lot leave wonder.,344.73,130,True
89,SKU00089,Wife Ago,wife-ago-89,Direction so first wish trip truth ask themselves fight both.,28.06,141,True
90,SKU00090,Animal Character,animal-character-90,Activity movie forget wonder old though ten receive control send rather collection create effort.,312.73,122,True
91,SKU00091,Recently Site,recently-site-91,Effect issue ability mouth recent away just official test condition treat capital your responsibility hair.,410.5,54,True
92,SKU00092,Right Within,right-within-92,Computer best loss someone while space certain include in drive do term.,202.98,31,True
93,SKU00093,Reflect Some,reflect-some-93,Board quality situation laugh best customer though show forward of experience deal.,184.05,122,True
94,SKU00094,Apply Much,apply-much-94,Attention speak side why ground place tell professional.,133.71,179,True
95,SKU00095,Reduce Need,reduce-need-95,Movement include what experience whether just site price drop.,131.34,3,True
96,SKU00096,Dinner Wind,dinner-wind-96,Above top second north probably hand add ok.,281.19,200,True
97,SKU00097,Anything Describe,anything-describe-97,Low laugh explain support truth threat behind once.,213.02,119,True
98,SKU00098,Thank Huge,thank-huge-98,Decade bring nor because cup main word price thus city mean.,469.96,24,True
99,SKU00099,During Sound,during-sound-99,Skill culture name case anything ahead high.,136.36,64,True
100,SKU00100,Town Far,town-far-100,Far sell soldier social animal pull need machine question.,419.18,118,True
101,SKU00101,Station Or,station-or-101,Ever else director yet decide onto chance cause answer which lay foot production.,187.0,65,True
102,SKU00102,Pm Outside,pm-outside-102,Several side sister remain baby finish home two purpose field one must sort feel.,401.81,90,True
103,SKU00103,Spring City,spring-city-103,Lose Mrs with anything south last out military generation analysis fly interview clear attention think carry.,330.18,122,True
104,SKU00104,Whole Painting,whole-painting-104,Score bank myself test begin goal reason popular when pressure assume although why wish learn than.,121.76,62,True
105,SKU00105,Case Drug,case-drug-105,Its allow general strong but us new husband stay beautiful study money plant trouble coach.,145.07,63,True
106,SKU00106,Range Run,range-run-106,Gun catch chance laugh organization site you value and third police goal start.,382.95,94,True
107,SKU00107,Public Positive,public-positive-107,Tree respond finish realize finally growth history paper next term but will.,44.11,27,True
108,SKU00108,Avoid Water,avoid-water-108,That newspaper decision number might respond base though upon animal street.,233.02,100,True
109,SKU00109,Among Serious,among-serious-109,Cost result these white evening civil develop turn operation family possible expert that sit.,487.72,154,True
110,SKU00110,Foot Home,foot-home-110,And agent effect quickly mother itself again bank remain let future service.,118.66,91,True
111,SKU00111,Expert Player,expert-player-111,Whether white maybe law finally claim allow capital action senior policy picture read they receive.,145.71,132,True
112,SKU00112,Including Yourself,including-yourself-112,Seven clearly set someone pick four whose.,179.59,48,True
113,SKU00113,Appear Senior,appear-senior-113,Real keep stage simply nothing it Democrat beyond approach religious trial hot.,268.93,12,True
114,SKU00114,Interest Food,interest-food-114,Vote look these instead reduce way consider girl firm fact hour system record fire.,327.09,101,True
115,SKU00115,Even Risk,even-risk-115,Admit office above movie yeah anything activity owner save.,457.42,13,True
116,SKU00116,Others Edge,others-edge-116,Charge care area service accept bag recent peace about piece staff kid measure service history blood.,322.66,88,True
117,SKU00117,Item Former,item-former-117,Country between ten style wrong newspaper guess commercial teach ten project start challenge respond character.,333.97,64,True
118,SKU00118,Sense Send,sense-send-118,Little big race treat exactly woman interview during score born decision college western.,457.67,117,True
119,SKU00119,Food Chair,food-chair-119,Now recognize too tell responsibility culture war ok get tax money chair.,93.6,105,True
120,SKU00120,Clearly Few,clearly-few-120,Charge difference run account camera better oil or property relate serious occur number toward task.,207.02,164,True
121,SKU00121,Beyond Per,beyond-per-121,Side next woman record identify whom name in hear.,89.5,184,True
122,SKU00122,Other Deal,other-deal-122,Government pretty can feeling feel television realize through no main.,280.53,170,True
123,SKU00123,From Either,from-either-123,Seem employee share three direction physical every baby ok popular spend.,208.15,167,True
124,SKU00124,Little Attention,little-attention-124,Office citizen charge else what together consider nature enough series unit science career bill order.,328.9,32,True
125,SKU00125,Image Rest,image-rest-125,Military through how protect eye think could responsibility fight local wall indicate.,491.68,176,True
126,SKU00126,Company Serious,company-serious-126,Art choose gas physical pressure himself ahead company area bit course walk thing soon management.,306.49,69,True
127,SKU00127,Treatment Challenge,treatment-challenge-127,Final sometimes lot third street talk reduce either take plan eight officer ago political together.,367.61,10,True
128,SKU00128,Interview Job,interview-job-128,Save glass environment themselves whatever wish there wide computer capital police.,370.4,22,True
129,SKU00129,Change Side,change-side-129,Some value after owner theory mother hear girl.,250.57,83,True
130,SKU00130,Article Gun,article-gun-130,Culture I pass simply when trouble size network condition senior think.,48.18,121,True
131,SKU00131,Project Surface,project-surface-131,Sea candidate quality then various manager number would nature ahead little.,137.61,94,True
132,SKU00132,These Life,these-life-132,Kind table tough away audience stay win rather society stop.,226.65,106,True
133,SKU00133,Late Sea,late-sea-133,Kid deal range us hotel kitchen five letter beautiful task five here what.,333.55,95,True
134,SKU00134,Clearly Week,clearly-week-134,Thing station top shake similar system whatever available small as image serve vote.,413.17,115,True
135,SKU00135,Customer Left,customer-left-135,Sense because spring over voice trip low appear success improve four like during organization.,220.21,152,True
136,SKU00136,Draw Such,draw-such-136,Stock really coach subject crime country available.,108.25,168,True
137,SKU00137,Practice Police,practice-police-137,Most whether finally meeting age improve billion service.,409.42,88,True
138,SKU00138,While Less,while-less-138,Evening marriage contain bad consumer four artist less baby never party.,377.77,7,True
139,SKU00139,Manager Hospital,manager-hospital-139,Spring phone hundred morning social probably move level among surface plant some industry land whether.,368.26,126,True
140,SKU00140,Free Series,free-series-140,Only short whose then leader space stock nearly.,458.67,180,True
141,SKU00141,Media Term,media-term-141,One everything right throw early energy sell sing moment rest at do Mrs nearly wish.,231.14,146,True
142,SKU00142,Detail Sound,detail-sound-142,Throw task with eat represent officer evening exist institution bring cause anyone.,207.42,33,True
143,SKU00143,Around Increase,around-increase-143,Small trip could get should ok important southern able.,393.82,42,True
144,SKU00144,Education Why,education-why-144,Fine pass discover main page explain believe Mr magazine employee degree explain test great street grow.,406.93,120,True
145,SKU00145,Coach How,coach-how-145,Quite kitchen east change long western raise according recent soldier possible number pay.,208.63,51,True
146,SKU00146,After Successful,after-successful-146,Attorney trouble hope instead control region where agreement over.,396.38,70,True
147,SKU00147,Success Stay,success-stay-147,Hot anyone traditional get identify decision team send us.,333.6,87,True
148,SKU00148,Compare Toward,compare-toward-148,Style run medical push check play anything responsibility into garden natural even book fish move.,153.95,175,True
149,SKU00149,Painting Interesting,painting-interesting-149,Dog exactly day course song campaign find fill get college power question.,497.82,70,True
150,SKU00150,Best Late,best-late-150,Although during old all call of system conference institution.,473.17,103,True
151,SKU00151,System Response,system-response-151,Attack focus second set enough guy firm.,269.46,4,True
152,SKU00152,Cell Yes,cell-yes-152,Plan best mother exactly performance research across town glass wind everyone site for hand unit fire.,185.62,174,True
153,SKU00153,Nature Fact,nature-fact-153,Travel church live affect inside floor similar wind something plan.,140.99,21,True
154,SKU00154,Control Amount,control-amount-154,Stuff pick friend national experience control college very position.,294.85,191,True
155,SKU00155,Woman Oil,woman-oil-155,Worry instead that range end daughter but.,83.26,34,True
156,SKU00156,Recent Author,recent-author-156,It girl bar involve manager ready body himself operation common across wall determine particularly watch.,381.96,49,True
157,SKU00157,Themselves Ago,themselves-ago-157,But kind skin call compare plant beat.,403.61,55,True
158,SKU00158,Lose Resource,lose-resource-158,Act tell peace in large outside eye important stay.,406.0,36,True
159,SKU00159,Control Treat,control-treat-159,Create party president economy world out one health agency create land back today.,108.14,102,True
160,SKU00160,Product World,product-world-160,Heart employee avoid drop perform mind policy social them.,174.72,96,True
161,SKU00161,When Author,when-author-161,Near box bring civil everybody debate make ready hot could reality store.,474.01,121,True
162,SKU00162,Officer Gas,officer-gas-162,Professor from authority consumer attorney job feeling lead available sort half rule.,349.03,61,True
163,SKU00163,According Miss,according-miss-163,Raise picture station family detail clear carry live expert.,472.32,86,True
164,SKU00164,Marriage Budget,marriage-budget-164,Of early would various market move room work close yes member population bill PM.,411.03,22,True
165,SKU00165,Main Government,main-government-165,Member court carry someone since of market experience foot finish again magazine.,384.62,190,True
166,SKU00166,Few Industry,few-industry-166,Modern structure wrong ready free top feeling check south point need.,22.47,12,True
167,SKU00167,Professional Provide,professional-provide-167,Feel special coach direction final town official pay factor down effect like.,355.3,133,True
168,SKU00168,Level Discover,level-discover-168,State section sport remember involve accept gas.,68.67,14,True
169,SKU00169,Pattern According,pattern-according-169,Discover bank beyond interest degree law include already ground memory toward opportunity method ball enjoy.,439.55,56,True
170,SKU00170,That Old,that-old-170,Arm situation personal only young happy western.,95.08,183,True
171,SKU00171,Clearly One,clearly-one-171,Black professor least teach spend defense young culture something energy take suddenly medical country smile.,77.33,158,True
172,SKU00172,Again Win,again-win-172,Point conference leave phone source these change recent laugh.,214.47,126,True
173,SKU00173,Decade Move,decade-move-173,Drop century sound allow word election although customer western team her.,150.35,57,True
174,SKU00174,Hear Bit,hear-bit-174,Give sort let yeah into into nothing young.,301.57,38,True
175,SKU00175,Issue Special,issue-special-175,Where public under old under firm budget tough product woman.,208.96,29,True
176,SKU00176,Before Even,before-even-176,Partner expert staff democratic again so might officer fear marriage player new leg kid yet.,322.39,25,True
177,SKU00177,Give Record,give-record-177,Life whose remember thus go outside room easy.,481.07,45,True
178,SKU00178,Natural Gas,natural-gas-178,Account most small east travel whole blood agree defense stage job peace per focus election box.,19.4,89,True
179,SKU00179,Choice Agent,choice-agent-179,Would policy reveal between drug generation resource.,342.2,114,True
180,SKU00180,Buy Good,buy-good-180,Responsibility mission town whole part still guy pretty happen they.,389.48,164,True
181,SKU00181,Short Than,short-than-181,Food meeting offer attention firm high likely final former.,202.47,130,True
182,SKU00182,Fine Bag,fine-bag-182,Although final choice act up be party personal.,207.48,25,True
183,SKU00183,Mention Age,mention-age-183,Pass senior reason wall letter once until she gas attack perform environment us bank share necessary.,251.96,72,True
184,SKU00184,Message Later,message-later-184,Fall understand four many management energy song force.,377.56,119,True
185,SKU00185,Seem Record,seem-record-185,Pretty three democratic receive there chair face believe long natural discussion college also tough book billion.,123.04,144,True
186,SKU00186,Police Population,police-population-186,Change word better consider bill home among your fly about.,112.86,141,True
187,SKU00187,Recent Significant,recent-significant-187,Item house social already blue smile produce ready environmental.,450.07,114,True
188,SKU00188,Some Your,some-your-188,Specific class wife run position deep fly single car three.,463.12,176,True
189,SKU00189,Feel Pressure,feel-pressure-189,Before view eye about collection move former number improve address cultural final.,326.17,78,True
190,SKU00190,Officer Leave,officer-leave-190,Daughter future will girl among effort when generation.,236.15,152,True
191,SKU00191,Ready Unit,ready-unit-191,Leg end shoulder first hand wear seat section human report charge one.,354.46,154,True
192,SKU00192,Anyone College,anyone-college-192,Leave star culture medical discussion here man value relationship whole hold.,117.0,165,True
193,SKU00193,Share Fire,share-fire-193,Before you firm personal tend pick relationship score our.,326.57,128,True
194,SKU00194,If Sign,if-sign-194,Particular statement analysis example accept station wind network plan detail need safe can scientist window.,206.25,105,True
195,SKU00195,And Laugh,and-laugh-195,Least event rock democratic entire manage know court visit represent least dog information clearly.,29.02,200,True
196,SKU00196,Future Next,future-next-196,Action hold instead she argue loss a society real boy dog defense environmental.,150.64,75,True
197,SKU00197,Else Response,else-response-197,One something blue seven wish including international know writer feel mother.,215.32,48,True
198,SKU00198,New Model,new-model-198,Discuss person space east church class between rock own present physical meeting value.,479.58,49,True
199,SKU00199,Sell Interview,sell-interview-199,Forget possible four keep study decision case water however society miss admit.,63.42,19,True
200,SKU00200,Society Future,society-future-200,When produce degree many new mention short lose first cause.,144.13,47,True
