id,email,full_name,phone,gender,birthday,status
1,lisathompson@example.com,Karen Williams,(705)974-0699x13973,female,1981-11-23,active
2,mparsons@example.net,Kimberly Waters,001-410-504-3340x3271,other,2006-06-25,active
3,heatherharrison@example.net,Kevin James,451.935.7880x56224,male,1958-08-08,active
4,ujones@example.com,Brianna Turner,+1-485-706-0337,female,1973-08-21,active
5,ashleyanderson@example.org,Madeline Carter,973-816-2697x978,male,1981-07-13,active
6,thomasjames@example.net,Michelle Moss,869-631-8443x47794,female,1979-12-08,active
7,stacey04@example.net,William Phillips,431-458-8547,male,1973-04-18,active
8,zdavis@example.com,Tina Yang,+1-210-544-7688x2120,other,1973-01-26,active
9,whutchinson@example.org,Gary Clark,807-752-7936x6625,male,1965-01-16,active
10,sstevens@example.com,Mitchell Brewer,(236)656-5938,other,1976-08-07,active
11,paul43@example.org,Margaret Ramsey,(488)466-0049,male,1963-05-18,active
12,megansmith@example.org,Kevin Gordon,216.878.1017x38522,male,1966-01-01,active
13,haley57@example.com,Mrs. Amy Jacobs,588.521.2483x24709,male,1984-12-14,active
14,hburton@example.org,Christina Benjamin,990.947.1910x3355,male,1958-11-07,active
15,ashleynichols@example.com,Scott Peterson,845-343-3619,male,1966-12-12,active
16,edwardwilkerson@example.org,Joel Sanchez,001-726-269-8263,female,1965-02-25,active
17,dayala@example.com,Carly Villarreal,001-500-211-1343x52417,other,1969-07-28,active
18,dennis03@example.org,Ashley Sanchez,303-528-6178x9037,male,1987-03-18,active
19,ernesthall@example.com,Rachel Ruiz,979-830-0654x057,male,1985-03-23,active
20,zdiaz@example.com,Lisa Welch,001-676-561-1870x020,male,1980-01-05,active
21,ryan64@example.net,Dawn Burns,001-352-636-6416,other,1975-04-09,active
22,williamsmichael@example.org,Danielle Bishop,(619)760-7090,other,1967-11-10,active
23,jdaniels@example.com,James Johnson,+1-293-562-5730x9289,female,2000-08-28,active
24,scottandrew@example.net,Paul Harrington,264.426.3155x388,other,1993-02-11,active
25,charles16@example.net,Terry Johnson,001-953-764-5095x54530,other,1956-08-09,active
26,castillomonica@example.net,Robert Smith,4152288326,other,1988-03-13,active
27,velasquezjoseph@example.com,Matthew White,001-474-629-9803x52038,female,1996-10-12,active
28,aaron72@example.net,Garrett Edwards,907.312.8440x5560,female,1991-01-30,active
29,kathy06@example.com,Andrew Brown,588.650.1196x43024,male,1996-09-12,active
30,bryce86@example.org,Deborah Johnson,001-356-565-3208x457,male,1971-02-26,active
31,jessica12@example.org,Nicole Bush,478.979.7642x2471,male,1991-04-29,active
32,rasmussenmelanie@example.org,Sara Nguyen,(867)681-2727,female,1985-09-19,active
33,rachelmorales@example.com,Samuel Graham,+1-776-639-9878x6981,other,1960-03-13,active
34,reneebennett@example.net,Jake Bishop,001-993-884-0625,other,1963-07-20,active
35,fallen@example.com,Terry Brown,878.577.4721x6424,male,1977-11-21,active
36,lindsayfrench@example.com,Shawna Lowe,(385)888-4062,male,1958-07-08,active
37,sanderswillie@example.net,Mark Price,5092059832,female,1990-04-04,active
38,ethanfletcher@example.com,Patricia Allen,995.593.6611x753,male,1981-03-19,active
39,stephaniechase@example.org,Lisa Hayes,(655)684-6088,other,1990-03-26,active
40,kylie62@example.com,Ashley Miller,2707505512,male,1980-12-09,active
41,jcarter@example.net,Spencer Bradford,968-633-2459x22422,male,1961-07-25,active
42,mperez@example.org,Michelle Henderson,746-629-1617x5627,male,1957-06-07,active
43,reginald28@example.org,Michelle Martin,(421)248-0176x5264,other,2007-08-31,active
44,joanna49@example.org,Paul Ruiz,994-420-4373x06660,other,1965-11-11,active
45,james91@example.com,Emily Gomez,001-286-759-2089x80498,other,1992-07-17,active
46,ybrandt@example.net,Keith Cunningham,436.845.6661,other,2008-01-30,active
47,bcohen@example.org,Chad Mendez,001-819-997-2786,other,1998-04-14,active
48,jared07@example.com,David Medina,+1-967-277-4639,female,1987-02-28,active
49,julie09@example.com,Sandra Love,+1-781-511-4282,male,1991-11-19,active
50,amandastephens@example.org,Jonathan Schroeder,(238)809-3680x61700,other,2005-06-29,active
51,lauramcknight@example.org,Daniel Long,001-562-708-3523x824,female,1991-05-05,active
52,toddlaura@example.org,Tiffany Leach,422.555.7288x6070,female,1970-11-13,active
53,cooperjames@example.com,Theresa Campbell,(341)443-9589,female,1958-09-29,active
54,yyoung@example.net,Robin Beck,+1-541-687-0214x282,female,1978-08-17,active
55,cynthia59@example.com,Ashley Butler,+1-318-463-6650,female,1955-12-30,active
56,brittanyvazquez@example.org,Katherine Welch,001-856-277-4808x9500,male,1971-06-10,active
57,lisa23@example.net,Melissa Dixon,001-814-793-8188x999,female,1963-10-25,active
58,martinsamantha@example.com,Jason Benjamin,422.513.9986x57099,female,2005-06-15,active
59,webbjessica@example.net,Heather Howard,(948)511-3963,male,1995-08-31,active
60,hflowers@example.com,Mark Cooper,5552012677,male,1979-04-06,active
61,jerry25@example.com,Corey Bryan,(286)234-8688x886,other,1984-02-26,active
62,jenningsbryan@example.net,Courtney Ochoa,001-880-838-4097x9280,male,1993-12-13,active
63,deniserogers@example.net,Dawn Lambert,(499)221-0608,male,1966-06-19,active
64,amber78@example.org,Danielle Wilson,(768)215-7507,female,1983-03-16,active
65,mendozajames@example.net,Leah Castillo,+1-336-606-6031,male,1991-04-08,active
66,john16@example.net,Bailey Bean PhD,338-250-1454,female,1976-09-25,active
67,tara10@example.net,Kimberly Sellers,784.416.1182x70268,male,1985-04-29,active
68,bowen@example.net,Angela Wilson,(616)656-1110x0743,other,1970-05-27,active
69,mitchell65@example.net,Alexander Larsen,958-910-8517,female,2006-03-25,active
70,michellesmith@example.net,Alicia Brown,(331)347-8512,other,2004-12-28,active
71,markwhite@example.com,Abigail Stevens,279-282-7537x848,other,1973-05-20,active
72,michael90@example.com,Ms. Donna Walker,728.967.0534x9331,male,1961-03-06,active
73,caseysandoval@example.org,Teresa Garcia,944-381-0171x8099,female,2008-03-15,active
74,wrighterica@example.net,Michael Noble,508-782-5273,male,1983-10-21,active
75,sbrewer@example.net,Sonya Ramos,884.360.0315x410,male,1992-10-16,active
76,allisonjohnston@example.org,Matthew Romero,565.700.4822,female,1989-10-27,active
77,samanthapatel@example.org,Matthew Sims,+1-757-560-3102x3742,other,1989-10-26,active
78,kimcody@example.org,Kelly Glover,(445)396-5546,other,1969-11-19,active
79,munoznicholas@example.org,Kenneth Mcdonald,+1-847-316-3156x158,other,1973-12-14,active
80,marquezjessica@example.org,Mary Nelson,295.444.0434,male,1959-08-14,active
81,zperry@example.net,Richard Boyer,272-690-4549x6754,male,1959-06-25,active
82,reyesmitchell@example.net,Natalie Ramos,722.808.0273x75935,other,1966-01-16,active
83,larsonjamie@example.com,Steven Tran,(268)494-4236,male,1973-12-30,active
84,kevinschultz@example.org,Micheal Simpson,001-810-394-1357x931,female,1969-12-13,active
85,lesliemichael@example.org,Samantha Wall,001-873-737-4059,male,1979-08-19,active
86,ostevens@example.org,Robert Carpenter,(458)305-0681x37415,other,1957-10-24,active
87,emily08@example.net,Michael Price,(244)305-3227x3295,other,2005-02-11,active
88,evansmichael@example.com,Derrick Ward,(622)242-8232x095,other,1965-05-10,active
89,dbates@example.org,Michelle Zuniga,702.997.0562,other,1998-07-25,active
90,amy39@example.com,John Smith,(625)693-0513x64067,female,1963-05-07,active
91,dwaynesimon@example.com,Johnathan Donovan,(550)621-3314,female,1974-08-28,active
92,ohall@example.org,Sharon Hudson,001-232-392-6460x3611,female,1978-05-01,active
93,xjones@example.org,Tyler Brown,561.360.5159x12452,male,1970-12-02,active
94,kiddjessica@example.org,Leslie Rodgers,(231)225-2413,other,1987-03-02,active
95,davidchavez@example.net,Ryan Miller,+1-264-681-5722x89049,male,1992-11-07,active
96,willisveronica@example.org,Robert Donovan,(845)648-5949,female,1992-01-13,active
97,christybaker@example.net,Alexandria Schwartz,616.275.2311x37807,male,1970-10-07,active
98,bradleycruz@example.com,Jessica Sweeney,+1-330-889-5548x56039,female,1971-01-19,active
99,christian05@example.net,Meagan Newton,792-599-4700x8322,other,1985-06-23,active
100,wendywatson@example.org,Stephen Mcdowell,+1-793-600-2879x7240,male,1998-10-25,active
